anio,region,indice,valor,error_estandar
2009,Arica y Parinacota,FGT0_incidencia,27.67743146826887,3.517099922499761
2011,Arica y Parinacota,FGT0_incidencia,38.65208343768356,2.3308829002230915
2013,Arica y Parinacota,FGT0_incidencia,31.640495227126753,1.7063148948671942
2015,Arica y Parinacota,FGT0_incidencia,27.123991195891417,2.0078007587238824
2017,Arica y Parinacota,FGT0_incidencia,26.502551106038734,1.5145727070922657
2020,Arica y Parinacota,FGT0_incidencia,32.790619500523995,1.6348309825700764
2022,Arica y Parinacota,FGT0_incidencia,25.30370025599255,1.3026921884062355
2024,Arica y Parinacota,FGT0_incidencia,21.43323869606918,1.1942051220155796
2009,Tarapacá,FGT0_incidencia,38.92162680614399,2.505357451006097
2011,Tarapacá,FGT0_incidencia,30.66647363849333,1.8676695533247751
2013,Tarapacá,FGT0_incidencia,22.416242695354953,1.5316473406327562
2015,Tarapacá,FGT0_incidencia,22.183310318570648,1.5366587519939223
2017,Tarapacá,FGT0_incidencia,23.099981858652992,1.2211777249446656
2020,Tarapacá,FGT0_incidencia,30.772258664311813,1.6039851266491303
2022,Tarapacá,FGT0_incidencia,26.787654612205365,1.4251559965704854
2024,Tarapacá,FGT0_incidencia,20.809786844027077,1.2616480080010029
2009,Antofagasta,FGT0_incidencia,20.832465545844315,2.1895725426991293
2011,Antofagasta,FGT0_incidencia,20.25164957482667,1.2536636275206088
2013,Antofagasta,FGT0_incidencia,16.344228241977195,1.1965638811378208
2015,Antofagasta,FGT0_incidencia,15.85126557814939,1.6462449235505476
2017,Antofagasta,FGT0_incidencia,16.53401870312547,1.5078181507406245
2020,Antofagasta,FGT0_incidencia,26.88333927114339,1.3259387322514236
2022,Antofagasta,FGT0_incidencia,19.53641545638192,1.0260130747294176
2024,Antofagasta,FGT0_incidencia,16.387729549248746,0.8341073537865562
2009,Atacama,FGT0_incidencia,32.09630970067806,3.336280540945593
2011,Atacama,FGT0_incidencia,29.050154201340433,1.421060786366472
2013,Atacama,FGT0_incidencia,18.516177444869594,1.4076887908469096
2015,Atacama,FGT0_incidencia,19.988571314664267,0.9576877523948887
2017,Atacama,FGT0_incidencia,22.158646914000045,1.3483227627034624
2020,Atacama,FGT0_incidencia,26.163128009866178,1.1529853604100102
2022,Atacama,FGT0_incidencia,21.19089427012493,1.000294400644574
2024,Atacama,FGT0_incidencia,18.577361436377828,0.8520699764302672
2009,Coquimbo,FGT0_incidencia,42.25418944509951,1.975708592430519
2011,Coquimbo,FGT0_incidencia,39.41275311531861,1.751210329439024
2013,Coquimbo,FGT0_incidencia,27.856083631632504,1.5534961114485235
2015,Coquimbo,FGT0_incidencia,29.306000056919174,1.143405324537271
2017,Coquimbo,FGT0_incidencia,32.052842779205555,1.205938650592411
2020,Coquimbo,FGT0_incidencia,30.595094936144246,1.5708165461177555
2022,Coquimbo,FGT0_incidencia,24.26274359776951,1.0245453429279603
2024,Coquimbo,FGT0_incidencia,20.674026491746243,0.8794877786390352
2009,Valparaíso,FGT0_incidencia,37.41710641012993,1.5039656685511866
2011,Valparaíso,FGT0_incidencia,38.47127064098112,1.4793941846756329
2013,Valparaíso,FGT0_incidencia,28.871476069295028,1.340844550788749
2015,Valparaíso,FGT0_incidencia,25.307818448149956,0.8172584194088716
2017,Valparaíso,FGT0_incidencia,20.969702728311677,0.7218185437160844
2020,Valparaíso,FGT0_incidencia,30.36743541488104,0.8572028206941428
2022,Valparaíso,FGT0_incidencia,20.94496052043651,0.6415940098587533
2024,Valparaíso,FGT0_incidencia,17.789007671024855,0.6172810628849963
2009,Metropolitana,FGT0_incidencia,30.315061982797527,0.8462363771499877
2011,Metropolitana,FGT0_incidencia,29.30263271765112,1.1483173935947215
2013,Metropolitana,FGT0_incidencia,22.212342678523797,0.7464262205824104
2015,Metropolitana,FGT0_incidencia,18.48164560075227,0.5984514701566572
2017,Metropolitana,FGT0_incidencia,16.761805107521027,0.6404041885754629
2020,Metropolitana,FGT0_incidencia,24.365356669900688,0.7135752304998118
2022,Metropolitana,FGT0_incidencia,16.533146339992246,0.4423779347580213
2024,Metropolitana,FGT0_incidencia,13.340809368804768,0.364628453373554
2009,O'Higgins,FGT0_incidencia,36.139319772625825,1.3718047105138091
2011,O'Higgins,FGT0_incidencia,30.941227787365587,2.3254745211648107
2013,O'Higgins,FGT0_incidencia,28.7073065283182,1.5558129734366715
2015,O'Higgins,FGT0_incidencia,26.7916137773048,1.099795377931884
2017,O'Higgins,FGT0_incidencia,25.11122997886448,0.9301731910791324
2020,O'Higgins,FGT0_incidencia,27.583808288853373,1.8400485395734503
2022,O'Higgins,FGT0_incidencia,21.05902108954413,0.742979129532893
2024,O'Higgins,FGT0_incidencia,17.855038474777,0.7006465809386744
2009,Maule,FGT0_incidencia,48.416963367198036,2.1520344668035065
2011,Maule,FGT0_incidencia,43.29346223487436,1.5182560714580364
2013,Maule,FGT0_incidencia,35.18135919813523,1.3046813234115873
2015,Maule,FGT0_incidencia,32.11491025433067,0.9355922006071956
2017,Maule,FGT0_incidencia,27.675452625900032,0.8936268302602329
2020,Maule,FGT0_incidencia,31.362192506167702,1.0682367831336066
2022,Maule,FGT0_incidencia,26.127043599969223,0.8245332769016609
2024,Maule,FGT0_incidencia,24.340834480657726,0.7618663870086538
2017,Ñuble,FGT0_incidencia,34.560445038183154,1.2174546117109382
2020,Ñuble,FGT0_incidencia,36.0842822335065,1.538289871117515
2022,Ñuble,FGT0_incidencia,29.648465330190042,1.028507166808007
2024,Ñuble,FGT0_incidencia,23.898441672297523,0.8604013206624314
2009,Biobío,FGT0_incidencia,47.12442783952697,1.1872978643802636
2011,Biobío,FGT0_incidencia,45.6927573276652,2.4131696293042952
2013,Biobío,FGT0_incidencia,36.41753167656505,1.334294581983162
2015,Biobío,FGT0_incidencia,32.513780712535066,0.8174827260845958
2017,Biobío,FGT0_incidencia,28.690132175735716,1.07738421596709
2020,Biobío,FGT0_incidencia,31.911749784003597,1.0201339524205686
2022,Biobío,FGT0_incidencia,22.01592002079116,0.6532079402888571
2024,Biobío,FGT0_incidencia,19.27361721796224,0.566253933128707
2009,Araucanía,FGT0_incidencia,60.65339690334527,1.6162854640879292
2011,Araucanía,FGT0_incidencia,51.24476727036136,1.889210743979997
2013,Araucanía,FGT0_incidencia,40.21288252328403,1.1875176291917944
2015,Araucanía,FGT0_incidencia,38.44899012895777,0.9938901016189099
2017,Araucanía,FGT0_incidencia,34.785872039992896,0.9848129529494001
2020,Araucanía,FGT0_incidencia,39.86748620303892,1.1054099942380002
2022,Araucanía,FGT0_incidencia,31.970247169706422,0.8854296039470003
2024,Araucanía,FGT0_incidencia,28.5905542605342,0.809534659989514
2009,Los Ríos,FGT0_incidencia,53.06555521413583,4.710688361300801
2011,Los Ríos,FGT0_incidencia,44.77561190853168,2.0801289471422004
2013,Los Ríos,FGT0_incidencia,37.23876406655026,1.3825730013338529
2015,Los Ríos,FGT0_incidencia,29.075584253660615,1.6522359842597762
2017,Los Ríos,FGT0_incidencia,29.468135720545884,1.3649540782139378
2020,Los Ríos,FGT0_incidencia,33.18946850393701,1.3281486782963825
2022,Los Ríos,FGT0_incidencia,20.809791465401993,0.8015627053295665
2024,Los Ríos,FGT0_incidencia,22.270071119761027,0.9368342797292734
2009,Los Lagos,FGT0_incidencia,45.77456018013286,1.93536913803821
2011,Los Lagos,FGT0_incidencia,41.36487595327734,2.1019520056577368
2013,Los Lagos,FGT0_incidencia,34.21348660528211,1.4331391296697122
2015,Los Lagos,FGT0_incidencia,30.188026421556636,1.021742041881286
2017,Los Lagos,FGT0_incidencia,28.10138129493105,1.4896492928069
2020,Los Lagos,FGT0_incidencia,29.446740506222866,1.1922450208942625
2022,Los Lagos,FGT0_incidencia,21.442392688466587,0.8866517962364382
2024,Los Lagos,FGT0_incidencia,16.476998413683702,0.7235484923958165
2009,Aysén,FGT0_incidencia,37.80334749038626,2.3027595286917526
2011,Aysén,FGT0_incidencia,29.137083829799803,1.7475672760786851
2013,Aysén,FGT0_incidencia,19.95963438064003,1.095890101037892
2015,Aysén,FGT0_incidencia,20.410181566793728,1.639039647168086
2017,Aysén,FGT0_incidencia,14.842063401886149,1.2811287509787732
2020,Aysén,FGT0_incidencia,23.96148581325834,1.629565181960002
2022,Aysén,FGT0_incidencia,14.94487999481659,1.0936861479048836
2024,Aysén,FGT0_incidencia,14.333744772572354,1.1239762099940316
2009,Magallanes,FGT0_incidencia,24.317357682729696,4.104129331188163
2011,Magallanes,FGT0_incidencia,21.22799806131401,1.3037526710763254
2013,Magallanes,FGT0_incidencia,17.82461477176019,1.691822001142072
2015,Magallanes,FGT0_incidencia,14.549368695105533,1.0613500981563584
2017,Magallanes,FGT0_incidencia,12.255673600260227,0.9029824053496185
2020,Magallanes,FGT0_incidencia,20.055568599827815,1.3280172894206113
2022,Magallanes,FGT0_incidencia,14.706708913073427,1.35945551078352
2024,Magallanes,FGT0_incidencia,9.94029281060007,0.7693812417380463
2009,Total país,FGT0_incidencia,37.69647269561061,0.49591280569983004
2011,Total país,FGT0_incidencia,35.429805993884585,0.5780741136217853
2013,Total país,FGT0_incidencia,27.6268935735847,0.40249854235884636
2015,Total país,FGT0_incidencia,24.504439518764563,0.3139671611331125
2017,Total país,FGT0_incidencia,22.514691774208874,0.33284100782710185
2020,Total país,FGT0_incidencia,28.295457948915782,0.38589061291573157
2022,Total país,FGT0_incidencia,20.492147410743243,0.23719039904781616
2024,Total país,FGT0_incidencia,17.28876684745239,0.20086847473155428
2009,Arica y Parinacota,FGT1_brecha,10.552420988626036,1.2240828349530315
2011,Arica y Parinacota,FGT1_brecha,13.456955784989452,1.0443224578121695
2013,Arica y Parinacota,FGT1_brecha,11.156494477796363,0.7219728546463928
2015,Arica y Parinacota,FGT1_brecha,7.9926096516793415,0.7992644018733335
2017,Arica y Parinacota,FGT1_brecha,8.367792403064463,0.5462458156654917
2020,Arica y Parinacota,FGT1_brecha,13.450535399723229,0.7225250451664572
2022,Arica y Parinacota,FGT1_brecha,8.639999626605324,0.5205102108289781
2024,Arica y Parinacota,FGT1_brecha,7.512333560781554,0.5667452181462155
2009,Tarapacá,FGT1_brecha,14.323322519484838,1.2192946353524607
2011,Tarapacá,FGT1_brecha,10.691851016697129,0.7307532699001927
2013,Tarapacá,FGT1_brecha,6.972616503314066,0.5268439852127952
2015,Tarapacá,FGT1_brecha,7.005583717991984,0.6285678408105694
2017,Tarapacá,FGT1_brecha,6.944738187622408,0.39339019609337267
2020,Tarapacá,FGT1_brecha,13.25155672595389,0.7937848007562245
2022,Tarapacá,FGT1_brecha,9.448227643562229,0.8631900783041501
2024,Tarapacá,FGT1_brecha,6.493977590595816,0.4799952461808834
2009,Antofagasta,FGT1_brecha,6.0335063621627345,0.7120959436080632
2011,Antofagasta,FGT1_brecha,5.989020655445644,0.5318425256747488
2013,Antofagasta,FGT1_brecha,4.675346274800902,0.3704159778912063
2015,Antofagasta,FGT1_brecha,5.332466964847235,0.6936554532392779
2017,Antofagasta,FGT1_brecha,5.671059808717003,0.6216152224567271
2020,Antofagasta,FGT1_brecha,10.932825009686189,0.6107458662349362
2022,Antofagasta,FGT1_brecha,6.964568825762251,0.43690608018632016
2024,Antofagasta,FGT1_brecha,5.346720599999168,0.3392116557071132
2009,Atacama,FGT1_brecha,13.679235010423794,1.6371168706695711
2011,Atacama,FGT1_brecha,10.427350963901109,0.6454956673989206
2013,Atacama,FGT1_brecha,6.264675581587498,0.980009602532775
2015,Atacama,FGT1_brecha,6.347575714791541,0.34933190021813487
2017,Atacama,FGT1_brecha,8.005733592270136,0.5523670218801751
2020,Atacama,FGT1_brecha,10.315458905467606,0.6197159929862371
2022,Atacama,FGT1_brecha,7.858517973407676,0.497330151887681
2024,Atacama,FGT1_brecha,6.15282039636401,0.3848479334610922
2009,Coquimbo,FGT1_brecha,15.721208045206861,0.8118624898194059
2011,Coquimbo,FGT1_brecha,13.682516381526815,0.6806925976380895
2013,Coquimbo,FGT1_brecha,9.586295337109876,0.6933253255348414
2015,Coquimbo,FGT1_brecha,9.45591318436151,0.36406748207885226
2017,Coquimbo,FGT1_brecha,10.429402149631255,0.500384228992655
2020,Coquimbo,FGT1_brecha,12.076529731415556,0.7549203669548658
2022,Coquimbo,FGT1_brecha,8.563667109612389,0.44968171010731267
2024,Coquimbo,FGT1_brecha,6.849431323752535,0.3791486310710557
2009,Valparaíso,FGT1_brecha,13.368252339483726,0.6066425007689225
2011,Valparaíso,FGT1_brecha,13.725756087090002,0.7111337001017922
2013,Valparaíso,FGT1_brecha,9.740392108901059,0.5063942812526552
2015,Valparaíso,FGT1_brecha,7.926617224447272,0.3074303743880044
2017,Valparaíso,FGT1_brecha,6.294803654006979,0.2640447890355618
2020,Valparaíso,FGT1_brecha,11.716886948240667,0.4181200372456259
2022,Valparaíso,FGT1_brecha,6.775680986397366,0.2858317159923972
2024,Valparaíso,FGT1_brecha,5.398927856580949,0.2079554552447285
2009,Metropolitana,FGT1_brecha,10.878857569015448,0.3550441038802257
2011,Metropolitana,FGT1_brecha,10.285302660639516,0.42326379220699506
2013,Metropolitana,FGT1_brecha,6.8116547580206825,0.2721670141244944
2015,Metropolitana,FGT1_brecha,5.706355905715112,0.2426407360184548
2017,Metropolitana,FGT1_brecha,5.3756388532377155,0.23377784320124645
2020,Metropolitana,FGT1_brecha,10.150409469371398,0.3339629852498204
2022,Metropolitana,FGT1_brecha,5.225259394960731,0.17142814992606056
2024,Metropolitana,FGT1_brecha,4.0229422720358805,0.13413076496622153
2009,O'Higgins,FGT1_brecha,12.577877983050294,0.6255164706351795
2011,O'Higgins,FGT1_brecha,9.975426362041686,0.7846096057395952
2013,O'Higgins,FGT1_brecha,8.860696498694404,0.5318108409529997
2015,O'Higgins,FGT1_brecha,8.500064767470478,0.4459003008625182
2017,O'Higgins,FGT1_brecha,7.802703094635527,0.38728311059585124
2020,O'Higgins,FGT1_brecha,10.299698344669373,0.6491714653132286
2022,O'Higgins,FGT1_brecha,7.105237625244415,0.3190357840685514
2024,O'Higgins,FGT1_brecha,5.483365360903769,0.293052634392627
2009,Maule,FGT1_brecha,18.379606784093365,0.8710308456441088
2011,Maule,FGT1_brecha,14.72940388454324,0.5602718711514325
2013,Maule,FGT1_brecha,10.777320017696267,0.5154966922353389
2015,Maule,FGT1_brecha,9.927801016540542,0.41779874090751334
2017,Maule,FGT1_brecha,8.381512956641982,0.3215380177635993
2020,Maule,FGT1_brecha,11.490173544944918,0.5313201791775157
2022,Maule,FGT1_brecha,8.642662323553877,0.3347824041590973
2024,Maule,FGT1_brecha,7.9429839950096,0.32446904775206725
2017,Ñuble,FGT1_brecha,11.245121099740892,0.4692927996096287
2020,Ñuble,FGT1_brecha,13.317898287413144,0.7906357730290313
2022,Ñuble,FGT1_brecha,10.474584075706655,0.49570778353186423
2024,Ñuble,FGT1_brecha,7.899424852735596,0.3855942646709712
2009,Biobío,FGT1_brecha,18.322322900238547,0.5562857458631195
2011,Biobío,FGT1_brecha,17.212568122680587,1.0227362682374823
2013,Biobío,FGT1_brecha,12.917963393925588,0.5219977468624378
2015,Biobío,FGT1_brecha,10.928227212182316,0.3178557531927569
2017,Biobío,FGT1_brecha,9.036259889370426,0.3883580444876314
2020,Biobío,FGT1_brecha,12.4391592438924,0.5021351868284054
2022,Biobío,FGT1_brecha,7.358130341252123,0.25697218236590474
2024,Biobío,FGT1_brecha,5.858954380963067,0.20870729172398783
2009,Araucanía,FGT1_brecha,26.66033135730309,0.9066087544479138
2011,Araucanía,FGT1_brecha,21.358729627805275,0.9797497045457518
2013,Araucanía,FGT1_brecha,14.671804610648762,0.5524506949753644
2015,Araucanía,FGT1_brecha,13.211554795831107,0.43802373159253477
2017,Araucanía,FGT1_brecha,11.195278938109508,0.3994389840529684
2020,Araucanía,FGT1_brecha,15.815685447750585,0.6140753069946657
2022,Araucanía,FGT1_brecha,10.825335092633734,0.39139445936897527
2024,Araucanía,FGT1_brecha,9.910367133377225,0.39177736220695325
2009,Los Ríos,FGT1_brecha,20.478304258959078,2.768424540053832
2011,Los Ríos,FGT1_brecha,16.459146462810857,0.8440151528260352
2013,Los Ríos,FGT1_brecha,13.009994296664154,0.5916920118086132
2015,Los Ríos,FGT1_brecha,9.611528495947892,0.6601915048412549
2017,Los Ríos,FGT1_brecha,9.172559733375818,0.5232938179144079
2020,Los Ríos,FGT1_brecha,12.910585887193026,0.5601557341151226
2022,Los Ríos,FGT1_brecha,5.79461026052533,0.28017301977324177
2024,Los Ríos,FGT1_brecha,6.662258934733513,0.35188866247149203
2009,Los Lagos,FGT1_brecha,16.170138050734725,0.8841602209636885
2011,Los Lagos,FGT1_brecha,15.211354316236015,0.8348613447269964
2013,Los Lagos,FGT1_brecha,10.921509538811051,0.567997043681765
2015,Los Lagos,FGT1_brecha,9.999575019024274,0.41974064321105714
2017,Los Lagos,FGT1_brecha,8.990086089130251,0.505576185131397
2020,Los Lagos,FGT1_brecha,11.350588911514034,0.6016659834029252
2022,Los Lagos,FGT1_brecha,7.213308362233814,0.404760518638153
2024,Los Lagos,FGT1_brecha,5.036464458450226,0.28677805908962817
2009,Aysén,FGT1_brecha,14.30420463615133,1.4215224402750817
2011,Aysén,FGT1_brecha,9.299561750755851,0.5610368272702813
2013,Aysén,FGT1_brecha,6.1290110324371865,0.3767892608472913
2015,Aysén,FGT1_brecha,5.776966479381024,0.7410418253848522
2017,Aysén,FGT1_brecha,4.5477590622831245,0.5004554940902967
2020,Aysén,FGT1_brecha,9.327556085867212,0.7939401036873649
2022,Aysén,FGT1_brecha,4.852750537563373,0.5948633442352602
2024,Aysén,FGT1_brecha,4.292567822593293,0.43689868599831577
2009,Magallanes,FGT1_brecha,9.222565961241799,1.788399398656381
2011,Magallanes,FGT1_brecha,6.592371299051379,0.5306505638386902
2013,Magallanes,FGT1_brecha,6.199401703447132,1.2555742215969914
2015,Magallanes,FGT1_brecha,5.09485321029526,0.4857941470611835
2017,Magallanes,FGT1_brecha,3.8098386305535428,0.4096190755646477
2020,Magallanes,FGT1_brecha,7.922228979038988,0.5906371786958617
2022,Magallanes,FGT1_brecha,4.692872506220452,0.5740476690946225
2024,Magallanes,FGT1_brecha,3.355936098562936,0.35018478979817125
2009,Total país,FGT1_brecha,14.05843070594698,0.21651094698277923
2011,Total país,FGT1_brecha,12.70525104386089,0.2386208940077243
2013,Total país,FGT1_brecha,9.02643556170654,0.1570743230591079
2015,Total país,FGT1_brecha,7.849478991338452,0.12494125459437759
2017,Total país,FGT1_brecha,7.140413175186258,0.12194194394208424
2020,Total país,FGT1_brecha,11.271680687624299,0.17702454337176518
2022,Total país,FGT1_brecha,6.75600503178836,0.09632633585038737
2024,Total país,FGT1_brecha,5.418749183759425,0.07680630732213067
2009,Arica y Parinacota,FGT2_severidad,5.622330408353909,0.8295508829131669
2011,Arica y Parinacota,FGT2_severidad,6.5324454265829,0.6271513564451432
2013,Arica y Parinacota,FGT2_severidad,5.69148354866464,0.45765012500082497
2015,Arica y Parinacota,FGT2_severidad,3.586726422116482,0.48803324315590707
2017,Arica y Parinacota,FGT2_severidad,3.9857182819085715,0.32202218135061306
2020,Arica y Parinacota,FGT2_severidad,8.237372959170594,0.5259710694052537
2022,Arica y Parinacota,FGT2_severidad,4.438210507285946,0.3380812508986272
2024,Arica y Parinacota,FGT2_severidad,4.035043191952472,0.3789241530218006
2009,Tarapacá,FGT2_severidad,7.253599463047583,0.8589035054998329
2011,Tarapacá,FGT2_severidad,5.370048467367205,0.4111398770198995
2013,Tarapacá,FGT2_severidad,3.3447078254263594,0.3004389254788041
2015,Tarapacá,FGT2_severidad,3.2664298520527324,0.37324402868799744
2017,Tarapacá,FGT2_severidad,3.1477159842095066,0.21898920608071026
2020,Tarapacá,FGT2_severidad,8.254656380469179,0.5881328874286775
2022,Tarapacá,FGT2_severidad,4.919428755436765,0.5958588565312556
2024,Tarapacá,FGT2_severidad,3.1189375316266856,0.26862551070859075
2009,Antofagasta,FGT2_severidad,2.697355446964544,0.3685433701214726
2011,Antofagasta,FGT2_severidad,2.836858674124292,0.36344197342332435
2013,Antofagasta,FGT2_severidad,2.180745510566692,0.26734022688586523
2015,Antofagasta,FGT2_severidad,2.6866685793743628,0.39986566434091547
2017,Antofagasta,FGT2_severidad,3.117388529029869,0.3988639075706189
2020,Antofagasta,FGT2_severidad,6.926287083873621,0.4422706824122949
2022,Antofagasta,FGT2_severidad,4.100146090811455,0.3212040752877819
2024,Antofagasta,FGT2_severidad,2.803607401638548,0.2312768215443494
2009,Atacama,FGT2_severidad,8.21510672650638,1.1235876087452015
2011,Atacama,FGT2_severidad,5.363465505611308,0.38960938016093477
2013,Atacama,FGT2_severidad,3.2875170790196924,0.7273653725741069
2015,Atacama,FGT2_severidad,2.936619900915444,0.22412070331542222
2017,Atacama,FGT2_severidad,4.563004163472424,0.388783765757434
2020,Atacama,FGT2_severidad,6.105338144531001,0.5023841148417802
2022,Atacama,FGT2_severidad,4.454612852926782,0.36948197977248554
2024,Atacama,FGT2_severidad,3.2680900684984935,0.2661333651429953
2009,Coquimbo,FGT2_severidad,8.362615180857267,0.5010464967083689
2011,Coquimbo,FGT2_severidad,6.758233433590285,0.45864598442899673
2013,Coquimbo,FGT2_severidad,4.855329645588395,0.43392689143054075
2015,Coquimbo,FGT2_severidad,4.60372216638014,0.2220632785101673
2017,Coquimbo,FGT2_severidad,5.000539036421793,0.32740136590772256
2020,Coquimbo,FGT2_severidad,7.203908003127742,0.5201345501306375
2022,Coquimbo,FGT2_severidad,4.817120745519982,0.3314718921888418
2024,Coquimbo,FGT2_severidad,3.687443314648136,0.25633574854544133
2009,Valparaíso,FGT2_severidad,6.857800355948701,0.38765865170691477
2011,Valparaíso,FGT2_severidad,7.1202604555987685,0.45823296310401673
2013,Valparaíso,FGT2_severidad,4.776106353178519,0.2986151020909631
2015,Valparaíso,FGT2_severidad,3.682517092437694,0.1886125520279689
2017,Valparaíso,FGT2_severidad,2.9086809996118808,0.16193435277143284
2020,Valparaíso,FGT2_severidad,7.019690093253382,0.31132892692965275
2022,Valparaíso,FGT2_severidad,3.51639837195321,0.2107745772303851
2024,Valparaíso,FGT2_severidad,2.6837195875964395,0.13499016913653314
2009,Metropolitana,FGT2_severidad,5.72366913746761,0.2307264275801409
2011,Metropolitana,FGT2_severidad,5.241365028724513,0.24276663169474771
2013,Metropolitana,FGT2_severidad,3.269346561201221,0.16628205290637516
2015,Metropolitana,FGT2_severidad,2.722918702391789,0.15734608200156255
2017,Metropolitana,FGT2_severidad,2.643648383227113,0.13418385357060703
2020,Metropolitana,FGT2_severidad,6.264328583857533,0.23581172654527274
2022,Metropolitana,FGT2_severidad,2.6997125704737823,0.11982288131859838
2024,Metropolitana,FGT2_severidad,1.9633117547550614,0.08725668692524924
2009,O'Higgins,FGT2_severidad,6.390036551845989,0.421708405273744
2011,O'Higgins,FGT2_severidad,4.707628905009182,0.43128388932117295
2013,O'Higgins,FGT2_severidad,4.156668644930365,0.2910970485820032
2015,O'Higgins,FGT2_severidad,4.02117737130451,0.27186204046054524
2017,O'Higgins,FGT2_severidad,3.6471724598390627,0.23697432331722082
2020,O'Higgins,FGT2_severidad,5.986293307633043,0.3852008498833434
2022,O'Higgins,FGT2_severidad,3.8039063140052747,0.22750951715476206
2024,O'Higgins,FGT2_severidad,2.8635184800465336,0.211454057336028
2009,Maule,FGT2_severidad,9.708682404559704,0.4922742837089224
2011,Maule,FGT2_severidad,7.005047791677368,0.32591712215674373
2013,Maule,FGT2_severidad,5.0167002078742,0.3456532432096461
2015,Maule,FGT2_severidad,4.634963453832888,0.26618729947237046
2017,Maule,FGT2_severidad,3.92268599823336,0.219273961144696
2020,Maule,FGT2_severidad,6.3722841952485,0.3884643513283487
2022,Maule,FGT2_severidad,4.526406759884715,0.2306981132239611
2024,Maule,FGT2_severidad,4.235586777590101,0.22799603788028608
2017,Ñuble,FGT2_severidad,5.575151311612161,0.3207291377277252
2020,Ñuble,FGT2_severidad,7.652325992802993,0.684619808104089
2022,Ñuble,FGT2_severidad,5.74366615281504,0.3570134027850854
2024,Ñuble,FGT2_severidad,4.228103387062057,0.27466865440619015
2009,Biobío,FGT2_severidad,9.79292045878266,0.3573455836091838
2011,Biobío,FGT2_severidad,9.062907727423882,0.6035933880187182
2013,Biobío,FGT2_severidad,6.564368804609404,0.303325683306059
2015,Biobío,FGT2_severidad,5.409960572344615,0.1922374751722877
2017,Biobío,FGT2_severidad,4.350026917289859,0.22073323335684947
2020,Biobío,FGT2_severidad,7.45199744167727,0.3929041715595263
2022,Biobío,FGT2_severidad,3.9216003060178557,0.17214571005846369
2024,Biobío,FGT2_severidad,2.837833249102949,0.1299153543150935
2009,Araucanía,FGT2_severidad,15.584384098779083,0.6557805914105089
2011,Araucanía,FGT2_severidad,11.992681485015163,0.8458524372374672
2013,Araucanía,FGT2_severidad,7.486240689395794,0.35792398159988986
2015,Araucanía,FGT2_severidad,6.461628742017894,0.2753329320887173
2017,Araucanía,FGT2_severidad,5.2999334128345685,0.24509835221274454
2020,Araucanía,FGT2_severidad,9.290545015295343,0.43258255449397687
2022,Araucanía,FGT2_severidad,5.855500695182192,0.2721389773085635
2024,Araucanía,FGT2_severidad,5.428193599286611,0.29487341010571044
2009,Los Ríos,FGT2_severidad,11.023814503905067,1.7029719619661536
2011,Los Ríos,FGT2_severidad,8.356447789094384,0.5143063020187468
2013,Los Ríos,FGT2_severidad,6.436010485664563,0.356955270528229
2015,Los Ríos,FGT2_severidad,4.591245520325541,0.39297673695501073
2017,Los Ríos,FGT2_severidad,4.340537046926112,0.32064619444111797
2020,Los Ríos,FGT2_severidad,7.721355491226338,0.4161854355513711
2022,Los Ríos,FGT2_severidad,2.554891950133482,0.16153903991570845
2024,Los Ríos,FGT2_severidad,3.2507766269483436,0.22033047657091734
2009,Los Lagos,FGT2_severidad,8.032168414364522,0.5296578004926518
2011,Los Lagos,FGT2_severidad,7.742708012705535,0.5017896409363626
2013,Los Lagos,FGT2_severidad,5.177602754050954,0.3231216786976604
2015,Los Lagos,FGT2_severidad,4.889560135173729,0.2612549779167443
2017,Los Lagos,FGT2_severidad,4.416064423663927,0.27857936289752905
2020,Los Lagos,FGT2_severidad,6.710993227016661,0.4447652651043043
2022,Los Lagos,FGT2_severidad,4.009054669788608,0.2822681523144879
2024,Los Lagos,FGT2_severidad,2.5349308632557586,0.19668322589595266
2009,Aysén,FGT2_severidad,7.773386778908161,1.1609996274362233
2011,Aysén,FGT2_severidad,4.545204276627253,0.3487135641193706
2013,Aysén,FGT2_severidad,2.790517107868479,0.2187370666751389
2015,Aysén,FGT2_severidad,2.7220724148016613,0.47606953545281094
2017,Aysén,FGT2_severidad,2.2352952799958175,0.2866225366537152
2020,Aysén,FGT2_severidad,5.665582152345278,0.5836215963740797
2022,Aysén,FGT2_severidad,2.8257814203707574,0.48374966188165236
2024,Aysén,FGT2_severidad,2.1098763420462983,0.2788410082423099
2009,Magallanes,FGT2_severidad,5.8214297474223455,1.3578245152940833
2011,Magallanes,FGT2_severidad,3.211160408740163,0.34969023685380246
2013,Magallanes,FGT2_severidad,3.5633785445130717,1.2280360566684958
2015,Magallanes,FGT2_severidad,2.872710135789418,0.426230396405861
2017,Magallanes,FGT2_severidad,2.04097763552492,0.31899879732288183
2020,Magallanes,FGT2_severidad,4.758762347654965,0.4494802529998059
2022,Magallanes,FGT2_severidad,2.5292279225964123,0.3616630453701102
2024,Magallanes,FGT2_severidad,1.8956216127806451,0.2647706572793858
2009,Total país,FGT2_severidad,7.468996495054098,0.13825925842500775
2011,Total país,FGT2_severidad,6.509724201932446,0.149530912986679
2013,Total país,FGT2_severidad,4.419340847469018,0.09634279440267123
2015,Total país,FGT2_severidad,3.7714287219672884,0.07877489086097815
2017,Total país,FGT2_severidad,3.4595993788960535,0.07121893228447125
2020,Total país,FGT2_severidad,6.787715097168088,0.12492174134013594
2022,Total país,FGT2_severidad,3.583036385957573,0.06755683996580197
2024,Total país,FGT2_severidad,2.7542471000387927,0.05106147034300768
